use travel;
SET SQL_MODE = "NO_AUTO_VALUE_ON_ZERO";
SET time_zone = "+08:00";

CREATE TABLE country (
  country_id varchar(5) COLLATE utf8_unicode_ci NOT NULL,
  country varchar(70) COLLATE utf8_unicode_ci NOT NULL,
  country_zh_TW varchar(70) COLLATE utf8_unicode_ci NOT NULL,
  country_zh_CN varchar(70) COLLATE utf8_unicode_ci NOT NULL,
  country_zh_HK varchar(70) COLLATE utf8_unicode_ci NOT NULL,
  primary key (country_id)
) ENGINE=InnoDB DEFAULT CHARSET=utf8 COLLATE=utf8_unicode_ci;



INSERT INTO country (country_id, country, country_zh_TW, country_zh_CN, country_zh_HK) VALUES
('001', 'CANADA', '加拿大', '加拿大', '加拿大'),
('0047', 'SVALBARD', '冷岸群島', '斯瓦尔巴', '冷岸群島'),
('0061', 'COCOAS ISLANDS', '科科斯群島', '科科斯群岛', '科科斯群島'),
('007', 'KAZAKHSTAN', '哈薩克斯坦', '哈萨克斯坦', '哈薩克斯坦'),
('0243', 'CONGO', '剛果', '刚果', '剛果'),
('0262', 'MAYOTTE', '馬約特', '马约特', '馬約特'),
('0358', 'ALAND ISLANDS', '奧蘭群島', '奥兰', '奧蘭群島'),
('047', 'JAN MAYEN', '揚馬延', '扬马延', '揚馬延'),
('0500', 'SOUTH GEOGERIA AND THE SOUTH SANDWICH ISLANDS', '南佐治亞與南三文治群島', '南乔治亚和南桑威奇群岛', '南佐治亞與南三文治群島'),
('061', 'CHRISTMAS ISLAND', '聖誕島', '圣诞岛', '聖誕島'),
('064', 'NEW ZEALAND', '新西蘭', '新西兰', '新西蘭'),
('1', 'UNITED STATES', '美國', '美国', '美國'),
('1-242', 'BAHAMAS', '巴哈馬', '巴哈马', '巴哈馬'),
('1-246', 'BARBADOS', '巴巴多斯', '巴巴多斯', '巴巴多斯'),
('1-264', 'ANGUILLA', '安圭拉', '安圭拉', '安圭拉'),
('1-268', 'ANTIGUA AND BARBUDA', '安提瓜和巴布達', '安提瓜和巴布达', '安提瓜和巴布達'),
('1-284', 'BRITISH VIRGIN ISLANDS', '英屬維爾京群島', '英属维尔京群岛', '英屬維爾京群島'),
('1-340', 'U.S. VIRGIN ISLANDS', '美屬維爾京羣島', '美属维尔京群岛', '美屬維爾京羣島'),
('1-345', 'CAYMAN ISLANDS', '開曼群島', '开曼群岛', '開曼群島'),
('1-441', 'BERMUDA', '百慕達', '百慕达', '百慕達'),
('1-473', 'GRENADA', '格林納達', '格林纳达', '格林納達'),
('1-649', 'TURKS AND CAICOS ISLANDS', '特克斯與凱科斯群島', '特克斯和凯科斯群岛', '特克斯與凱科斯群島'),
('1-671', 'GUAM', '關島', '关岛', '關島'),
('1-684', 'AMERICAN SAMOA', '美國薩摩亞', '美国萨摩亚', '美國薩摩亞'),
('1-767', 'DOMINICA', '多米尼加', '多米尼加', '多米尼加'),
('1-787', 'PUERTO RICO', '波多黎各', '波多黎各', '波多黎各'),
('1-809', 'DOMINICA REPUBLIC', '多米尼加共和國', '多米尼加共和国', '多米尼加共和國'),
('1-868', 'TRINIDAD AND TOBAGO', '千里達和多巴哥', '东加', '千里达及多巴哥'),
('1-869', 'SAINT KITTS AND NEVIS', '聖傑氏尼維斯', '圣基茨和尼维斯', '聖傑氏尼維斯'),
('1-876', 'JAMAICA', '牙買加', '牙买加', '牙買加'),
('20', 'EGYPT', '埃及', '埃及', '埃及'),
('211', 'SOUTH SUDAN', '南蘇丹', '南苏丹', '南蘇丹'),
('212', 'MOROCCO', '摩洛哥', '摩洛哥', '摩洛哥'),
('213', 'ALGERIA', '阿爾及利亞', '阿尔及利亚', '阿爾及利亞'),
('216', 'TUNISIA', '突尼斯', '突尼斯', '突尼斯'),
('218', 'LIBYA', '利比亞', '利比亚', '利比亞'),
('220', 'GAMBIA', '岡比亞', '冈比亚', '岡比亞'),
('222', 'MAURITANIA', '毛里塔尼亞', '毛里塔尼亚', '毛里塔尼亞'),
('223', 'MALI', '馬里', '马里', '馬里'),
('224', 'GUINEA', '幾內亞', '几内亚', '幾內亞'),
('226', 'BURKINA FASO', '布基納法索', '布基纳法索', '布基納法索'),
('227', 'NIGER', '尼日尔', '尼日爾', '尼日尔'),
('228', 'TOGO', '多哥', '多哥', '多哥'),
('229', 'BENIN', '貝寧', '贝宁', '貝寧'),
('230', 'MAURITIUS', '毛里求斯', '毛里求斯', '毛里求斯'),
('231', 'LIBERIA', '利比里亞', '利比里亚', '利比里亞'),
('232', 'SIERRA LEONE', '塞拉利昂', '塞拉利昂', '塞拉利昂'),
('233', 'GHANA', '加納', '加纳', '加納'),
('235', 'CHAD', '乍得', '乍得', '乍得'),
('236', 'CENTRAL AFRICAN REPUBLIC', '中非共和國', '中非共和国', '中非共和國'),
('237', 'CAMEROON', '喀麥隆', '喀麦隆', '喀麥隆'),
('239', 'SAO TOME AND PRINCIPE', '聖多美（巴拉那州）', '圣多美 (巴拉那州)', '聖多美（巴拉那州）'),
('240', 'EQUATORIAL GUINEA', '赤道幾內亞', '赤道几内亚', '赤道幾內亞'),
('241', 'GABON', '加蓬', '加蓬', '加蓬'),
('243', 'CONGO', '剛果民主共和國', '刚果民主共和国', '剛果民主共和國'),
('244', 'ANGOLA', '安哥拉', '安哥拉', '安哥拉'),
('245', 'GUINEA-BISSAU', '幾內亞比紹', '几内亚比绍', '幾內亞比紹'),
('248', 'SEYCHELLES', '塞舌爾', '塞舌尔', '塞舌爾'),
('249', 'SUDAN', '蘇丹', '苏丹', '蘇丹'),
('250', 'RWANDA', '盧旺達', '卢旺达', '盧旺達'),
('251', 'ETHIOPIA', '埃塞俄比亞', '埃塞俄比亚', '埃塞俄比亞'),
('252', 'SOMALIA', '索馬里', '索马里', '索馬里'),
('253', 'DJIBOUTI', '吉布提', '吉布提', '吉布提'),
('254', 'KENYA', '肯尼亞', '肯尼亚', '肯尼亞'),
('255', 'TANZANIA', '坦桑尼亞', '坦桑尼亚', '坦桑尼亞'),
('256', 'UGANDA', '烏干達', '乌干达', '烏干達'),
('257', 'BURUNDI', '布隆迪', '布隆迪', '布隆迪'),
('258', 'MOZAMBIQUE', '莫桑比克', '莫桑比克', '莫桑比克'),
('260', 'ZAMBIA', '贊比亞', '赞比亚', '贊比亞'),
('261', 'MADAGASCAR', '馬達加斯加', '马达加斯加', '馬達加斯加'),
('262', 'REUNION', '留尼汪', '留尼汪', '留尼汪'),
('263', 'ZIMBABWE', '津巴布韋', '津巴布韦', '津巴布韋'),
('265', 'MALAWI', '馬拉維', '马拉维', '馬拉維'),
('266', 'LESOTHO', '萊索托', '莱索托', '萊索托'),
('268', 'SWAZILAND', '斯威士蘭', '斯威士兰', '斯威士蘭'),
('269', 'COMOROS', '科摩羅', '科摩罗', '科摩羅'),
('27', 'SOUTH AFRICA', '南非', '南非', '南非'),
('291', 'ERITREA', '厄立特里亞', '厄立特里亚', '厄立特里亞'),
('297', 'ARUBA', '阿魯巴', '阿鲁巴', '阿魯巴'),
('298', 'FAROE ISLANDS', '法羅群島', '法罗群岛', '法羅群島'),
('299', 'GREENLAND', '格陵蘭', '格陵兰', '格陵蘭'),
('30', 'GREECE', '希臘', '希腊', '希臘'),
('31', 'NETHERLANDS', '荷蘭', '荷兰', '荷蘭'),
('32', 'BELGIUM', '比利時', '比利时', '比利時'),
('33', 'FRANCE', '法國', '法国', '法國'),
('34', 'SPAIN', '西班牙', '西班牙', '西班牙'),
('350', 'GIBRALTAR', '直布羅陀', '直布罗陀', '直布羅陀'),
('351', 'PORTUGAL', '葡萄牙', '葡萄牙', '葡萄牙'),
('352', 'LUXEMBOURG', '盧森堡', '卢森堡', '盧森堡'),
('353', 'IRELAND', '愛爾蘭', '爱尔兰', '愛爾蘭'),
('354', 'ICELAND', '冰島', '冰岛', '冰島'),
('355', 'ALBANIA', '阿爾巴尼亞', '阿尔巴尼亚', '阿爾巴尼亞'),
('357', 'CYPRUS', '塞浦路斯', '塞浦路斯', '塞浦路斯'),
('358', 'FINLAND', '芬蘭', '芬兰', '芬蘭'),
('359', 'BULGARIA', '保加利亞', '保加利亚', '保加利亞'),
('36', 'HUNGARY', '匈牙利', '匈牙利', '匈牙利'),
('370', 'LITHUANIA', '立陶宛', '立陶宛', '立陶宛'),
('371', 'LATVIA', '拉脫維亞', '拉脱维亚', '拉脫維亞'),
('372', 'ESTONIA', '愛沙尼亞', '爱沙尼亚', '愛沙尼亞'),
('373', 'MOLDOVA', '摩爾多瓦', '摩尔多瓦', '摩爾多瓦'),
('374', 'ARMENIA', '亞美尼亞', '亚美尼亚', '亞美尼亞'),
('375', 'BELARUS', '白俄羅斯', '白俄罗斯', '白俄羅斯'),
('376', 'ANDORRA', '安道爾', '安道尔', '安道爾'),
('377', 'MONACO', '摩納哥', '摩纳哥', '摩納哥'),
('379', 'VATICAN CITY', '梵蒂岡', '梵蒂冈', '梵蒂岡'),
('380', 'UKRAINE', '烏克蘭', '乌克兰', '烏克蘭'),
('381', 'SERBIA', '塞爾維亞', '塞尔维亚', '塞爾維亞'),
('382', 'MONTENEGRO', '黑山', '黑山', '黑山'),
('383', 'KOSOVO', '科索沃', '科索沃', '科索沃'),
('385', 'CROATIA', '克羅地亞', '克罗地亚', '克羅地亞'),
('386', 'SLOVENIA', '斯洛維尼亞', '斯洛維尼亞', '斯洛維尼亞'),
('387', 'BOSNIA AND HERZEGOVINA', '波斯尼亞和黑塞哥維那', '波斯尼亚和黑塞哥维那', '波斯尼亞和黑塞哥維那'),
('389', 'MACEDONIA', '馬其頓', '马其顿', '馬其頓'),
('39', 'ITALY', '意大利', '意大利', '意大利'),
('40', 'ROMANIA', '羅馬尼亞', '罗马尼亚', '羅馬尼亞'),
('41', 'SWITZERLAND', '瑞士', '瑞士', '瑞士'),
('420', 'CZECH REPUBLIC', '捷克共和國', '捷克共和国', '捷克共和國'),
('421', 'SLOVAKIA', '斯洛伐克', '斯洛伐克', '斯洛伐克'),
('423', 'LIECHTENSTEIN', '列支敦士登', '列支敦士登', '列支敦士登'),
('43', 'AUSTRIA', '奧地利', '奥地利', '奧地利'),
('44', 'UNITED KINGDOM', '英國', '英国', '英國'),
('44-15', 'JERSEY', '澤西', '泽西', '澤西'),
('44-16', 'ISLE OF MAN', '曼島', '曼岛', '曼島'),
('45', 'DENMARK', '丹麥', '丹麦', '丹麥'),
('46', 'SWEDEN', '瑞典', '瑞典', '瑞典'),
('47', 'NORWAY', '挪威', '挪威', '挪威'),
('48', 'POLAND', '波蘭', '波兰', '波蘭'),
('49', 'GERMANY', '德國', '德国', '德國'),
('500', 'FALKLAND ISLANDS', '福克蘭群島', '福克兰群岛', '福克蘭群島'),
('501', 'BELIZE', '伯利茲', '伯利兹', '伯利茲'),
('502', 'GUATEMALA', '危地馬拉', '危地马拉', '危地馬拉'),
('503', 'EL SALVADOR', '薩爾瓦多', '萨尔瓦多', '薩爾瓦多'),
('504', 'HONDURAS', '洪都拉斯', '洪都拉斯', '洪都拉斯'),
('505', 'NICARAGUA', '尼加拉瓜', '尼加拉瓜', '尼加拉瓜'),
('506', 'COSTA RICA', '哥斯達黎加', '哥斯达黎加', '哥斯達黎加'),
('507', 'PANAMA', '巴拿馬', '巴拿马', '巴拿馬'),
('509', 'HAITI', '海地', '海地', '海地'),
('51', 'PERU', '秘鲁', '秘鲁', '秘鲁'),
('52', 'MEXICO', '墨西哥', '墨西哥', '墨西哥'),
('53', 'CUBA', '古巴', '古巴', '古巴'),
('54', 'ARGENTINA', '阿根廷', '阿根廷', '阿根廷'),
('55', 'BRAZIL', '巴西', '巴西', '巴西'),
('56', 'CHILE', '智利', '智利', '智利'),
('57', 'COLOMBIA', '哥倫比亞', '哥伦比亚', '哥倫比亞'),
('58', 'VENEZUELA', '委内瑞拉', '委内瑞拉', '委内瑞拉'),
('581', 'U.S. MINOR OUTLYING ISLANDS', '美國邊遠島嶼', '美国本土外小岛屿', '美國邊遠島嶼'),
('590', 'GUADELOUPE', '瓜德羅普', '瓜德罗普', '瓜德羅普'),
('591', 'BOLIVIA', '玻利維亞', '玻利维亚', '玻利維亞'),
('592', 'GUYANA', '圭亞那', '圭亚那', '圭亞那'),
('593', 'ECUADOR', '厄瓜多爾', '厄瓜多尔', '厄瓜多爾'),
('594', 'FRENCH GUIANA', '法屬圭亞那', '法属圭亚那', '法屬圭亞那'),
('597', 'SURINAME', '蘇里南', '苏利南', '蘇里南'),
('598', 'URUGUAY', '烏拉圭', '乌拉圭', '烏拉圭'),
('599', 'CURACAO', '庫拉索', '库拉索', '庫拉索'),
('60', 'MALAYSIA', '馬來西亞', '马来西亚', '馬來西亞'),
('61', 'AUSTRALIA', '澳大利亞', '澳大利亚', '澳大利亞'),
('62', 'INDONESIA', '印度尼西亞', '印度尼西亚', '印度尼西亞'),
('63', 'PHILIPPINES', '菲律賓', '菲律宾', '菲律賓'),
('64', 'PITCAIRN ISLANDS ', '皮特凱恩群島', '皮特凯恩群岛', '皮特凱恩群島'),
('65', 'SINGAPORE', '新加坡', '新加坡', '新加坡'),
('66', 'THAILAND', '泰國', '泰国', '泰國'),
('670', 'TIMOR-LESTE', '東帝汶', '東帝汶', '東帝汶'),
('672', 'ANTARCTICA', '南極洲', '南极洲', '南極洲'),
('673', 'BRUNEI', '文萊', '文莱', '文萊'),
('674', 'NAURA', '瑙魯', '瑙鲁', '瑙魯'),
('676', 'TONGA', '湯加', '东加', '湯加'),
('677', 'SOLOMON ISLANDS', '所羅門群島', '斯洛維尼亞', '所羅門群島'),
('678', 'VANUATU', '瓦努阿圖', '瓦努阿图', '瓦努阿圖'),
('679', 'FIJI', '斐濟', '斐济', '斐濟'),
('680', 'PALAU', '帛琉', '巴基斯坦', '帛琉'),
('681', 'WALLIS AND FUTUNA', '瓦利斯及富圖納群島', '瓦利斯和富图纳', '瓦利斯及富圖納群島'),
('682', 'COOK ISLANDS', '庫克群島', '库克群岛', '庫克群島'),
('683', 'NIUE', '紐埃', '纽埃', '紐埃'),
('686', 'KIRIBATI', '基里巴斯', '基里巴斯', '基里巴斯'),
('688', 'TUVALU', '圖瓦盧', '图瓦卢', '圖瓦盧'),
('689', 'FRENCH POLYNESIA', '法國波多黎各', '法国波多黎各', '法國波多黎各'),
('690', 'TOKELAU', '托克勞', '托克劳', '托克勞'),
('691', 'MICRONESIA', '密克羅尼西亞', '密克罗尼西亚', '密克羅尼西亞'),
('692', 'MARSHALL ISLANDS', '馬紹爾群島', '马绍尔群岛', '馬紹爾群島'),
('7', 'RUSSIA', '俄羅斯', '俄罗斯', '俄羅斯'),
('81', 'JAPAN', '日本', '日本', '日本'),
('82', 'KOREA', '韓國', '韩国', '韓國'),
('84', 'VIETNAM', '越南', '越南', '越南'),
('850', 'NORTH KOREA', '朝鮮', '朝鲜', '朝鮮'),
('855', 'CAMBODIA', '柬埔寨', '柬埔寨', '柬埔寨'),
('856', 'LAOS', '老撾', '老挝', '老撾'),
('86', 'CHINA', '中國', '中国', '中國'),
('880', 'BANGLADESH', '孟加拉國', '孟加拉国', '孟加拉國'),
('886', 'TAIWAN', '台灣', '台湾', '台灣'),
('90', 'TURKEY', '土耳其', '土耳其', '土耳其'),
('91', 'INDIA', '印度', '印度', '印度'),
('92', 'PAKISTAN', '巴基斯坦', '巴基斯坦', '巴基斯坦'),
('93', 'AFGHANISTAN', '阿富汗', '阿富汗', '阿富汗'),
('94', 'SRI LANKA', '斯里蘭卡', '斯里兰卡', '斯里蘭卡'),
('95', 'MYANMAR', '緬甸', '缅甸', '緬甸'),
('960', 'MALDIVES', '馬爾代夫', '马尔代夫', '馬爾代夫'),
('961', 'LEBANON', '黎巴嫩', '黎巴嫩', '黎巴嫩'),
('962', 'JORDAN', '約旦', '约旦', '約旦'),
('963', 'SYRIA', '敘利亞', '叙利亚', '敘利亞'),
('964', 'IRAQ', '伊拉克', '伊拉克', '伊拉克'),
('965', 'KUWAIT', '科威特', '科威特', '科威特'),
('966', 'SAUDI ARABIA', '沙地阿拉伯', '沙地阿拉伯', '沙地阿拉伯'),
('967', 'YEMEN', '也門', '也门', '也門'),
('971', 'UNITED ARAB EMIRATES', '阿拉伯聯合酋長國', '阿拉伯联合酋长国', '阿拉伯聯合酋長國'),
('972', 'ISRAEL', '以色列', '以色列', '以色列'),
('973', 'BAHRAIN', '巴林', '巴林', '巴林'),
('975', 'BHUTAN', '不丹', '不丹', '不丹'),
('976', 'MONGOLIA', '蒙古', '蒙古', '蒙古'),
('977', 'NEPAL', '尼泊爾', '尼泊尔', '尼泊爾'),
('98', 'IRAN', '伊朗', '伊朗', '伊朗'),
('992', 'TAJIKISTAN', '塔吉克斯坦', '塔吉克斯坦', '塔吉克斯坦'),
('993', 'TURKMENISTAN', '土庫曼', '土库曼', '土庫曼'),
('994', 'AZERBAIJAN', '阿塞拜疆', '阿塞拜疆', '阿塞拜疆'),
('995', 'GEORGIA', '格魯吉亞', '格鲁吉亚', '格魯吉亞'),
('996', 'KYRGYZSTAN', '吉爾吉斯斯坦', '吉尔吉斯斯坦', '吉爾吉斯斯坦'),
('998', 'UZBEKISTAN', '烏茲別克', '乌兹别克', '烏茲別克');


CREATE TABLE city (
  city_id int(11) NOT NULL,
  name varchar(200) COLLATE utf8_unicode_ci NOT NULL,
  country_id varchar(5) COLLATE utf8_unicode_ci NOT NULL,
  name_zh_TW varchar(200) COLLATE utf8_unicode_ci NOT NULL,
  name_zh_CN varchar(200) COLLATE utf8_unicode_ci NOT NULL,
  name_zh_HK varchar(200) COLLATE utf8_unicode_ci NOT NULL,
  primary key (city_id),
  foreign key (country_id) references country(country_id)
) ENGINE=InnoDB DEFAULT CHARSET=utf8 COLLATE=utf8_unicode_ci;


INSERT INTO city (city_id, name, country_id, name_zh_TW, name_zh_CN, name_zh_HK) VALUES
(1, 'Andhra Pradesh', '91', '安德拉邦', '安德拉邦', '安德拉邦'),
(2, 'Arunachal Pradesh', '91', '阿魯納恰爾邦', '阿鲁纳恰尔邦', '阿魯納恰爾邦'),
(3, 'Assam', '91', '阿薩姆邦', '阿萨姆邦', '阿薩姆邦'),
(4, 'Bihar', '91', '比哈爾邦', '比哈尔邦', '比哈爾邦'),
(5, 'Chhattisgarh', '91', '恰蒂斯加爾邦', '恰蒂斯加尔邦', '恰蒂斯加爾邦'),
(6, 'Goa', '91', '果阿', '果阿', '果阿'),
(7, 'Gujarat', '91', '古吉拉特邦', '古吉拉特邦', '古吉拉特邦'),
(8, 'Haryana', '91', '哈里亞納邦', '哈里亚纳邦', '哈里亞納邦'),
(9, 'Himachal Pradesh', '91', '喜馬偕爾邦', '喜马偕尔邦', '喜馬偕爾邦'),
(10, 'Jammu and Kashmir', '91', '查謨-克什米爾邦', '查谟-克什米尔邦', '查謨-克什米爾邦'),
(11, 'Jharkhand', '91', '恰爾肯德邦', '恰尔肯德邦', '恰爾肯德邦'),
(12, 'Karnataka', '91', '卡納塔克邦', '卡纳塔克邦', '卡納塔克邦'),
(13, 'Kerala', '91', '喀拉拉邦', '喀拉拉邦', '喀拉拉邦'),
(14, 'Madhya Pradesh', '91', '中央邦', '中央邦', '中央邦'),
(15, 'Maharashtra', '91', '馬哈拉施特拉邦', '马哈拉施特拉邦', '馬哈拉施特拉邦'),
(16, 'Manipur', '91', '曼尼普爾邦', '曼尼普尔邦', '曼尼普爾邦'),
(17, 'Meghalaya', '91', '梅加拉亞邦', '梅加拉亚邦', '梅加拉亞邦'),
(18, 'Mizoram', '91', '米佐拉姆邦', '米佐拉姆邦', '米佐拉姆邦'),
(19, 'Nagaland', '91', '那加蘭邦', '那加兰邦', '那加蘭邦'),
(20, 'Odisha', '91', '奧里薩邦', '奥里萨邦', '奧里薩邦'),
(21, 'Punjab', '91', '旁遮普', '旁遮普', '旁遮普'),
(22, 'Rajasthan', '91', '拉賈斯坦邦', '拉贾斯坦邦', '拉賈斯坦邦'),
(23, 'Sikkim', '91', '錫金邦', '锡金邦', '錫金邦'),
(24, 'Tamil Nadu', '91', '泰米爾納德邦', '泰米尔纳德邦', '泰米爾納德邦'),
(25, 'Tripura', '91', '特里普拉邦', '特里普拉邦', '特里普拉邦'),
(26, 'Telangana', '91', '特蘭伽納邦', '特兰伽纳邦', '特蘭伽納邦'),
(27, 'Uttar Pradesh', '91', '北方邦', '北方邦', '北方邦'),
(28, 'Uttarakhand', '91', '北阿坎德邦', '北阿坎德邦', '北阿坎德邦'),
(29, 'West Bengal', '91', '西孟加拉邦', '西孟加拉邦', '西孟加拉邦'),
(30, 'Hong Kong', '86', '香港', '香港', '香港'),
(31, 'Shenzhen', '86', '深圳', '深圳', '深圳'),
(32, 'Macau', '86', '澳門', '澳门', '澳門');

create table user(
    u_id varchar(20) NOT NULL,
    user_name varchar(50) NOT NULL,
    email varbinary(255) NOT NULL,
    phone_num varbinary(30) NOT NULL,
    pwd varbinary(30) NOT NULL,
    last_name varchar(20) NOT NULL,
    first_name varchar(30) NOT NULL,
    yob YEAR(4) NOT NULL,
    gender tinyint(1) NOT NULL,
    country_id varchar(5) not null,
    city_id int(11) not null,
    primary key(u_id),
    foreign key (country_id) references country(country_id),
    foreign key (city_id) references city(city_id)
) ENGINE=InnoDB DEFAULT CHARSET=utf8 COLLATE=utf8_unicode_ci;

create table plan(
    plan_id varchar(20) NOT NULL,
    title varchar(100) not null,
    country_id varchar(5) not null,
    routes JSON DEFAULT NULL,
    est_days double(5,1) not null,
    start_date DATETIME not null,
    end_date DATETIME not null,
    requirements varchar(250) not null,
    images LONGBLOB,
    primary key(plan_id),
    foreign key (country_id) references country (country_id)
) ENGINE=InnoDB DEFAULT CHARSET=utf8 COLLATE=utf8_unicode_ci;

create table commentLevel(
    comment_id tinyint(1) not null AUTO_INCREMENT,
    txt_level varchar(30) not null,
    primary key(comment_id)
);

insert into commentLevel(txt_level) values("Excellent"),("Good"),("Not bad"),("Awful");

create table comment(
    comment_id varchar(20) not null,
    target_uid varchar(20) not null,
    plan_id varchar(20) not null,
    from_uid varchar(20) not null,
    msg varchar(255) not null,
    comment_level tinyint(1) not null,
    primary key (comment_id),
    foreign key (plan_id) references plan (plan_id),
    foreign key (comment_level) references commentLevel (comment_id)
) ENGINE=InnoDB DEFAULT CHARSET=utf8 COLLATE=utf8_unicode_ci;

